{"cameraMode":{"drawMode":0,"name":"Shaded","section":"Shading Mode"},"sceneLighting":true,"audioPlay":false,"sceneViewState":{"m_AlwaysRefresh":false,"showFog":true,"showSkybox":true,"showFlares":true,"showImageEffects":true,"showParticleSystems":true,"showVisualEffectGraphs":true,"m_FxEnabled":true},"in2DMode":false,"pivot":{"x":-0.6858773231506348,"y":9.711024284362793,"z":-7.4347991943359379},"rotation":{"x":0.11256987601518631,"y":0.01190186757594347,"z":-0.0014023826224729419,"w":0.993645966053009},"size":25.684986114501954,"orthographic":false}